followers,following,starred,orgs,repos
followers,following,starred,orgs,repos
followers,following,starred,orgs,repos
followers,following,starred,orgs,repos
undefined,undefined,undefined,undefined,undefined
undefined,undefined,undefined,undefined,undefined
undefined,undefined,undefined,undefined,undefined
undefined,undefined,undefined,undefined,undefined
undefined,undefined,undefined,undefined,undefined
undefined,undefined,undefined,undefined,undefined
undefined,undefined,undefined,undefined,undefined
undefined,undefined,undefined,undefined,undefined
undefined,undefined,undefined,undefined,undefined
undefined,undefined,undefined,undefined,undefined
undefined,undefined,undefined,undefined,undefined
undefined,undefined,undefined,undefined,undefined
undefined,undefined,undefined,undefined,undefined
undefined,undefined,undefined,undefined,undefined
undefined,undefined,undefined,undefined,undefined
undefined,undefined,undefined,undefined,undefined
undefined,undefined,undefined,undefined,undefined
undefined,undefined,undefined,undefined,undefined
undefined,undefined,undefined,undefined,undefined
undefined,undefined,undefined,undefined,undefined
undefined,undefined,undefined,undefined,undefined
undefined,undefined,undefined,undefined,undefined
undefined,undefined,undefined,undefined,undefined
undefined,undefined,undefined,undefined,undefined
undefined,undefined,undefined,undefined,undefined
undefined,undefined,undefined,undefined,undefined
undefined,undefined,undefined,undefined,undefined
undefined,undefined,undefined,undefined,undefined
undefined,undefined,undefined,undefined,undefined
undefined,undefined,undefined,undefined,undefined
undefined,undefined,undefined,undefined,undefined
undefined,undefined,undefined,undefined,undefined
undefined,undefined,undefined,undefined,undefined
undefined,undefined,undefined,undefined,undefined
undefined,undefined,undefined,undefined,undefined
undefined,undefined,undefined,undefined,undefined
undefined,undefined,undefined,undefined,undefined
undefined,undefined,undefined,undefined,undefined
undefined,undefined,undefined,undefined,undefined
undefined,undefined,undefined,undefined,undefined
undefined,undefined,undefined,undefined,undefined
undefined,undefined,undefined,undefined,undefined
undefined,undefined,undefined,undefined,undefined
undefined,undefined,undefined,undefined,undefined
undefined,undefined,undefined,undefined,undefined
undefined,undefined,undefined,undefined,undefined
undefined,undefined,undefined,undefined,undefined
undefined,undefined,undefined,undefined,undefined
undefined,undefined,undefined,undefined,undefined
undefined,undefined,undefined,undefined,undefined
undefined,undefined,undefined,undefined,undefined
undefined,undefined,undefined,undefined,undefined
undefined,undefined,undefined,undefined,undefined
undefined,undefined,undefined,undefined,undefined
undefined,undefined,undefined,undefined,undefined
undefined,undefined,undefined,undefined,undefined
undefined,undefined,undefined,undefined,undefined
undefined,undefined,undefined,undefined,undefined
undefined,undefined,undefined,undefined,undefined
undefined,undefined,undefined,undefined,undefined
undefined,undefined,undefined,undefined,undefined
undefined,undefined,undefined,undefined,undefined
undefined,undefined,undefined,undefined,undefined
undefined,undefined,undefined,undefined,undefined
undefined,undefined,undefined,undefined,undefined
undefined,undefined,undefined,undefined,undefined
undefined,undefined,undefined,undefined,undefined
undefined,undefined,undefined,undefined,undefined
undefined,undefined,undefined,undefined,undefined
undefined,undefined,undefined,undefined,undefined
undefined,undefined,undefined,undefined,undefined
undefined,undefined,undefined,undefined,undefined
undefined,undefined,undefined,undefined,undefined
undefined,undefined,undefined,undefined,undefined
undefined,undefined,undefined,undefined,undefined
undefined,undefined,undefined,undefined,undefined
undefined,undefined,undefined,undefined,undefined
undefined,undefined,undefined,undefined,undefined
undefined,undefined,undefined,undefined,undefined
undefined,undefined,undefined,undefined,undefined
undefined,undefined,undefined,undefined,undefined
undefined,undefined,undefined,undefined,undefined
undefined,undefined,undefined,undefined,undefined
undefined,undefined,undefined,undefined,undefined
undefined,undefined,undefined,undefined,undefined
undefined,undefined,undefined,undefined,undefined
undefined,undefined,undefined,undefined,undefined
undefined,undefined,undefined,undefined,undefined
undefined,undefined,undefined,undefined,undefined
undefined,undefined,undefined,undefined,undefined
undefined,undefined,undefined,undefined,undefined
undefined,undefined,undefined,undefined,undefined
undefined,undefined,undefined,undefined,undefined
undefined,undefined,undefined,undefined,undefined
undefined,undefined,undefined,undefined,undefined
undefined,undefined,undefined,undefined,undefined
undefined,undefined,undefined,undefined,undefined
undefined,undefined,undefined,undefined,undefined
undefined,undefined,undefined,undefined,undefined
undefined,undefined,undefined,undefined,undefined
undefined,undefined,undefined,undefined,undefined
undefined,undefined,undefined,undefined,undefined
undefined,undefined,undefined,undefined,undefined
undefined,undefined,undefined,undefined,undefined
followers,following,starred,orgs,repos
followers,following,starred,orgs,repos
followers,following,starred,orgs,repos
followers,following,starred,orgs,repos
